boxLink,boxTitle,postText,postLink
https://www.sarkariresult.com/admission/,Admission,NTA NEET UG 2024 Correction / Edit Form  ,https://www.sarkariresult.com/nta/neet-ug-2024/
https://www.sarkariresult.com/admission/,Admission,UP Polytechnic JEECUP 2024 Online Form ,https://www.sarkariresult.com/2024/jeecup-2024/
https://www.sarkariresult.com/admission/,Admission,Rajasthan PTET 2024 Online Form ,https://www.sarkariresult.com/2024/rajasthan-ptet/
https://www.sarkariresult.com/admission/,Admission,Maharishi University Admissions Online Form 2024 ,https://www.sarkariresult.com/2024/muit-admissions-2024/
https://www.sarkariresult.com/admission/,Admission,NTA CUET UG 2024 Online Form ,https://www.sarkariresult.com/2024/nta-cuet-ug-2024/
https://www.sarkariresult.com/admission/,Admission,BHU School Entrance Test SET CHS 2024 Online Form,https://www.sarkariresult.com/2024/bhu-set-2024/
https://www.sarkariresult.com/admission/,Admission,Mathura PVT Admissions Online Form 2024,https://www.sarkariresult.com/2024/duvasu-mathura-pvt/
https://www.sarkariresult.com/admission/,Admission,UP Scholarship Correction / Edit Form 2024  ,https://www.sarkariresult.com/2023/up-scholarship-2023/
https://www.sarkariresult.com/admission/,Admission,NTA NCHM JEE Online Form 2024 ,https://www.sarkariresult.com/2024/nta-nchm-jee/
https://www.sarkariresult.com/admission/,Admission,NTA NEET UG 2024 Online Form  ,https://www.sarkariresult.com/nta/neet-ug-2024/
https://www.sarkariresult.com/admission/,Admission,UPBED 2024 Online Form ,https://www.sarkariresult.com/2024/upbed-2024/
https://www.sarkariresult.com/admission/,Admission,NTA JEEMAIN Session II April 2024 Online Form,https://www.sarkariresult.com/2024/nta-jeemain-april24/
https://www.sarkariresult.com/admission/,Admission,Bihar DELED Admission Online Form 2024 ,https://www.sarkariresult.com/2024/deled-bihar-2024/
https://www.sarkariresult.com/admission/,Admission,UP Polytechnic JEECUP 2024 Online Form ,https://www.sarkariresult.com/2024/jeecup-2024/
https://www.sarkariresult.com/admission/,Admission,NTA CUET PG 2024 Online Form ,https://www.sarkariresult.com/2024/nta-cuet-pg-2024/
https://www.sarkariresult.com/admission/,Admission,IERT Admission 2024 Online Form ,https://www.sarkariresult.com/2024/iert-admissions/
https://www.sarkariresult.com/admission/,Admission,NTA NIFT Admissions Online Form 2024 ,https://www.sarkariresult.com/2024/nta-nift-admissions/
https://www.sarkariresult.com/admission/,Admission,NTA AISSEE 2024 Online Form ,https://www.sarkariresult.com/2024/nta-aissee-2024/
https://www.sarkariresult.com/admission/,Admission,Allahabad University PHd CRET 2023 Online Form ,https://www.sarkariresult.com/2023/allahabad-university-cret23/
https://www.sarkariresult.com/admission/,Admission,NTA JEEMAIN January 2024 Online Form,https://www.sarkariresult.com/2024/nta-jeemain-jan24/
https://www.sarkariresult.com/admission/,Admission,UPDELED 2023 Phase II Online Counseling ,https://www.sarkariresult.com/2023/updeled-2023/
https://www.sarkariresult.com/admission/,Admission,"UP CT Nursery, NTT, DPED Admission Online Form 2023 ",https://www.sarkariresult.com/2023/up-ct-ntt-dped-oct23/
https://www.sarkariresult.com/admission/,Admission,AIBE XVIII Online Form 2023 ,https://www.sarkariresult.com/2023/aibe-exam-sep23/
https://www.sarkariresult.com/admission/,Admission,UP SWD IAS PCS Pre 2024 Free Coaching Online Form ,https://www.sarkariresult.com/2023/swd-coaching-2024/
https://www.sarkariresult.com/admission/,Admission,UP Scholarship Online Form 2023  ,https://www.sarkariresult.com/2023/up-scholarship-2023/
https://www.sarkariresult.com/admission/,Admission,UP Pre Matric Scholarship Online Form  2023  ,https://www.sarkariresult.com/2023/up-pre-matric-scholarship/
https://www.sarkariresult.com/admission/,Admission,UPDELED 2023 Online Counseling ,https://www.sarkariresult.com/2023/updeled-2023/
https://www.sarkariresult.com/admission/,Admission,UPBED 2023 Online Counseling  ,https://www.sarkariresult.com/2023/upbed-2023/
https://www.sarkariresult.com/admission/,Admission,UP Ayush NEET UG Online Counseling 2023  ,https://www.sarkariresult.com/2023/up-ayush-neet/
https://www.sarkariresult.com/admission/,Admission,All India Bar Exam AIBE Online Form 2023  ,https://www.sarkariresult.com/2023/aibe-exam-sep23/
https://www.sarkariresult.com/admission/,Admission,"BHU IMS B.Pharma, M.Pharma  Admissions Online Form 2023",https://www.sarkariresult.com/2023/bhu-ims-bpharma/
https://www.sarkariresult.com/admission/,Admission,IIT JAM 2024 Online Form ,https://www.sarkariresult.com/2024/iit-jam-2024/
https://www.sarkariresult.com/admission/,Admission,MP CPCT Online Form 2023 ,https://www.sarkariresult.com/2023/mp-cpct-sep23/
https://www.sarkariresult.com/admission/,Admission,UP National Income Merit Based Scholarship NMMS Online Form 2023  ,https://www.sarkariresult.com/2023/up-nmms-scholarship/
https://www.sarkariresult.com/admission/,Admission,Allahabad University UG Online Counseling 2023 ,https://www.sarkariresult.com/2023/allahabad-univ-cuet-2023/
https://www.sarkariresult.com/admission/,Admission,GATE 2024 Online Form  ,https://www.sarkariresult.com/2024/gate-2024/
https://www.sarkariresult.com/admission/,Admission,JEECUP 2023 Online Counseling  ,https://www.sarkariresult.com/2023/up-polytechnic-jeecup-2023/
https://www.sarkariresult.com/admission/,Admission,Bihar JEE / NEET Free Coaching Online Form 2023  ,https://www.sarkariresult.com/2023/bihar-free-coaching/
https://www.sarkariresult.com/admission/,Admission,NTA Phd Entrance Test for DU JNU BHU and BBAU Online Form 2023 ,https://www.sarkariresult.com/nta/nta-phd-entrance-2023/
https://www.sarkariresult.com/admission/,Admission,MUIT Phd Admissions Online Form 2023 ,https://www.sarkariresult.com/2023/muit-phd-admissions23/
https://www.sarkariresult.com/admission/,Admission,IIM CAT 2023 Online Form ,https://www.sarkariresult.com/2023/iim-cat-2023/
https://www.sarkariresult.com/admission/,Admission,Bihar NEET UG UGMAC 2023 Online Registration,https://www.sarkariresult.com/2023/bihar-neet-ugmac-2023/
https://www.sarkariresult.com/admission/,Admission,NTA PM Yasasvi Yojana Scholarship YET Online Form 2023 ,https://www.sarkariresult.com/2023/nta-yet-2023/
https://www.sarkariresult.com/admission/,Admission,Allahabad University PGAT Online Counseling 2023,https://www.sarkariresult.com/2023/allahabad-univ-pgat-23/
https://www.sarkariresult.com/admission/,Admission,UPRTOU Admissions Online Form 2023,https://www.sarkariresult.com/2023/uprtou-admissions/
https://www.sarkariresult.com/admission/,Admission,AKTU UPTAC 2023 Online Counseling ,https://www.sarkariresult.com/2023/uptac-admissions/
https://www.sarkariresult.com/admission/,Admission,UP NEET UG 2023 Online Counseling ,https://www.sarkariresult.com/2023/upneet-ug-2023/
https://www.sarkariresult.com/admission/,Admission,NTA NEET UG Online Counseling 2023,https://www.sarkariresult.com/nta/nta-neet-ug-2023/
https://www.sarkariresult.com/admission/,Admission,Allahabad University CUET Online Registration 2023 ,https://www.sarkariresult.com/2023/allahabad-univ-cuet-2023/
https://www.sarkariresult.com/admission/,Admission,UP ANM GNM Admission Online Form 2023 ,https://www.sarkariresult.com/2023/up-anm-gnm-jul23/
https://www.sarkariresult.com/admission/,Admission,CLAT 2024 Online Form,https://www.sarkariresult.com/2023/clat-2024/
https://www.sarkariresult.com/admission/,Admission,UP Polytechnic JEECUP 2023 Correction / Edit Form,https://www.sarkariresult.com/2023/up-polytechnic-jeecup-2023/
https://www.sarkariresult.com/admission/,Admission,Army BSc Nursing Admissions Online Form 2023,https://www.sarkariresult.com/force/army-bsc-nursing-2023/
https://www.sarkariresult.com/admission/,Admission,NVS Class 6th Admissions Online Form 2024,https://www.sarkariresult.com/2023/nvs-class-6th-2024/
https://www.sarkariresult.com/admission/,Admission,Delhi University CUET UG Online Registration 2023,https://www.sarkariresult.com/2023/du-ug-admissions/
https://www.sarkariresult.com/admission/,Admission,JOSAA 2023 Online Counseling,https://www.sarkariresult.com/2023/josaa-2023/
https://www.sarkariresult.com/admission/,Admission,BHU UET 2023 Online Form ,https://www.sarkariresult.com/2023/bhu-uet-2023/
https://www.sarkariresult.com/admission/,Admission,UP ITI Admissions Online Form 2023,https://www.sarkariresult.com/2023/up-iti-admissions/
https://www.sarkariresult.com/admission/,Admission,UPRTOU BEd Online Form 2023,https://www.sarkariresult.com/2023/uprtou-bed-2023/
https://www.sarkariresult.com/admission/,Admission,MP Pre Veterinary and Fisheries PVFT Online Form 2023,https://www.sarkariresult.com/mp/mp-esb-pvft-2023/
https://www.sarkariresult.com/admission/,Admission,MP ESB ADDET 2023 Online Form,https://www.sarkariresult.com/mp/mp-esb-addet-2023/
https://www.sarkariresult.com/admission/,Admission,UPDELED 2023 Online Form,https://www.sarkariresult.com/2023/updeled-2023/
https://www.sarkariresult.com/admission/,Admission,OFSS Bihar Class 11th Admission Online Form 2023,https://www.sarkariresult.com/2023/ofss-bihar-admission/
https://www.sarkariresult.com/admission/,Admission,MGKVP Varanasi Campus Admission Online Form 2023,https://www.sarkariresult.com/2023/mgkvp-admissions23/
https://www.sarkariresult.com/admission/,Admission,MPESB MP PAT 2023 Online Form,https://www.sarkariresult.com/mp/mp-esb-pat-2023/
https://www.sarkariresult.com/admission/,Admission,Mathura PVT Admissions Online Form 2023,https://www.sarkariresult.com/2023/mathura-pvt-admissions/
https://www.sarkariresult.com/admission/,Admission,Harish Chandra PG College Varanasi Admission Online Form 2023,https://www.sarkariresult.com/2023/hcpg-varanasi-may23/
https://www.sarkariresult.com/admission/,Admission,"UP Board Class 10th, 12th Scrutiny Online Form 2023",https://www.sarkariresult.com/2023/upmsp-scrutiny-form/
https://www.sarkariresult.com/admission/,Admission,ABVMU CPET Online Form 2023,https://www.sarkariresult.com/2023/abvmu-cpet-2023/
https://www.sarkariresult.com/admission/,Admission,IIT JEE Advanced 2023 Online Form ,https://www.sarkariresult.com/2023/iit-jee-advanced-2023/
https://www.sarkariresult.com/admission/,Admission,Allahabad University PGAT Admissions Online Form 2023,https://www.sarkariresult.com/2023/allahabad-univ-pgat-23/
https://www.sarkariresult.com/admission/,Admission,UP Common Nursing Admission Test CNET Online Form 2023,https://www.sarkariresult.com/2023/up-cnet-2023/
https://www.sarkariresult.com/admission/,Admission,Bihar ITI CAT Admission Online Form 2023,https://www.sarkariresult.com/2023/bihar-iti-cat-apr23/
https://www.sarkariresult.com/admission/,Admission,IERT Prayagraj Online Form 2023,https://www.sarkariresult.com/2023/iert-admissions-2023/
https://www.sarkariresult.com/admission/,Admission,JIPMAT 2023 Online Form ,https://www.sarkariresult.com/nta/nta-jipmat-2023/
https://www.sarkariresult.com/admission/,Admission,NTA NEET UG 2023 Online Form Re Open ,https://www.sarkariresult.com/nta/nta-neet-ug-2023/
https://www.sarkariresult.com/admission/,Admission,Lucknow University UG Admissions Online Form 2023,https://www.sarkariresult.com/2023/lucknow-univ-ug2023/
https://www.sarkariresult.com/admission/,Admission,NTA CUET UG Online Form 2023 Re Open,https://www.sarkariresult.com/nta/nta-cuet-ug-2023/
https://www.sarkariresult.com/admission/,Admission,Bihar Board Matric Class 10th Scrutiny Online Form 2023 ,https://www.sarkariresult.com/2023/bseb-10th-matric-result/
https://www.sarkariresult.com/admission/,Admission,DDU Gorakhpur Admission Online Form 2023,https://www.sarkariresult.com/2023/ddu-gkp-admissions-2023/
https://www.sarkariresult.com/admission/,Admission,Rajasthan PTET Online Form 2023,https://www.sarkariresult.com/2023/rajasthan-ptet-2023/
https://www.sarkariresult.com/admission/,Admission,Bihar Board 12th Inter Scrutiny Online Form 2023,https://www.sarkariresult.com/2023/bseb-time-table/
https://www.sarkariresult.com/admission/,Admission,NEST 2023 Online Form,https://www.sarkariresult.com/2023/nest-2023/
https://www.sarkariresult.com/admission/,Admission,KVS Class 1 Admission Online Form,https://www.sarkariresult.com/2023/kvs-class-1-admissions/
https://www.sarkariresult.com/admission/,Admission,NTA CUET PG 2023 Online Form,https://www.sarkariresult.com/nta/nta-cuet-pg-2023/
https://www.sarkariresult.com/admission/,Admission,UPCATET 2023 Online Form  ,https://www.sarkariresult.com/2023/upcatet-2023/
https://www.sarkariresult.com/admission/,Admission,NTA NEET UG 2023 Online Form,https://www.sarkariresult.com/nta/nta-neet-ug-2023/
https://www.sarkariresult.com/admission/,Admission,UP Polytechnic JEECUP Online Form  2023,https://www.sarkariresult.com/2023/up-polytechnic-jeecup-2023/
https://www.sarkariresult.com/admission/,Admission,Rajju Bhaiya University PRSU PHd Admission DET Online Form 2023,https://www.sarkariresult.com/2023/prsu-phd-det-2023/
https://www.sarkariresult.com/admission/,Admission,BHU SET 2023 Online Form,https://www.sarkariresult.com/2023/bhu-set-2023/
https://www.sarkariresult.com/admission/,Admission,Bihar B.Ed 2023 Online Form ,https://www.sarkariresult.com/2023/bihar-bed-2023/
https://www.sarkariresult.com/admission/,Admission,Allahabad University CRET Online Form 2023,https://www.sarkariresult.com/2023/allahabad-university-cret/
https://www.sarkariresult.com/admission/,Admission,NTA GPAT 2023 Online Form,https://www.sarkariresult.com/nta/nta-gpat-2023/
https://www.sarkariresult.com/admission/,Admission,NTA CMAT 2023 Online Form,https://www.sarkariresult.com/nta/nta-cmat-2023/
https://www.sarkariresult.com/admission/,Admission,MP ESB PNST Online Form 2023,https://www.sarkariresult.com/mp/mp-esb-pnst-2022/
https://www.sarkariresult.com/admission/,Admission,NTA CUET UG 2023 Online Form,https://www.sarkariresult.com/nta/nta-cuet-ug-2023/
https://www.sarkariresult.com/admission/,Admission,NTA JEEMAIN Session II April 2023 Online Form,https://www.sarkariresult.com/nta/nta-jeemain-april-2023/
https://www.sarkariresult.com/admission/,Admission,UPBED 2023 Online Form,https://www.sarkariresult.com/2023/upbed-2023/
https://www.sarkariresult.com/admission/,Admission,Bihar DELED Admission Online Form 2023 ,https://www.sarkariresult.com/2023/bihar-deled-2023/
https://www.sarkariresult.com/admission/,Admission,NEET PG 2023 Online Form ,https://www.sarkariresult.com/2023/neet-pg-admission/
https://www.sarkariresult.com/admission/,Admission,NVS Class 6th Admission Online Form 2023,https://www.sarkariresult.com/2023/nvs-class-6th-2023/
https://www.sarkariresult.com/admission/,Admission,NTA JEEMAIN Online Form 2023,https://www.sarkariresult.com/nta/nta-jeemain-jan2023/
https://www.sarkariresult.com/admission/,Admission,SWD UP IAS / PCS Pre 2023 Free Coaching Online Form ,https://www.sarkariresult.com/2023/swd-up-free-coaching/
https://www.sarkariresult.com/admission/,Admission,UP CT Nursery | NTT | DPED Admission Online Form 2022,https://www.sarkariresult.com/2022/up-ct-ntt-dped-nov22/
https://www.sarkariresult.com/admission/,Admission,NTA AISSEE 2023 Online Form,https://www.sarkariresult.com/nta/nta-aissee-2023/
https://www.sarkariresult.com/admission/,Admission,UP NEET UG Online Counseling 2022,https://www.sarkariresult.com/2022/up-neet-ug-2022/
https://www.sarkariresult.com/admission/,Admission,NEET UG 2022 Online Counseling,https://www.sarkariresult.com/nta/nta-neet-ug-2022/
https://www.sarkariresult.com/admission/,Admission,UPSMFAC Diploma Courses Admission Online Form 2022,https://www.sarkariresult.com/2022/upsmfac-admission-oct22/
https://www.sarkariresult.com/admission/,Admission,UP B.Sc Nursing Online Counseling 2022,https://www.sarkariresult.com/2022/up-bsc-nursing-cet2022/
https://www.sarkariresult.com/admission/,Admission,"Allahabad University PG, LLB, Other Course Online Counseling 2022",https://www.sarkariresult.com/2022/au-pravesh-2022/
https://www.sarkariresult.com/admission/,Admission,UPBED 2022 Online Counseling,https://www.sarkariresult.com/2022/upbed-counseling/
https://www.sarkariresult.com/admission/,Admission,UP NEET PG Online Counseling 2022,https://www.sarkariresult.com/2022/upneet-pg-2022/
https://www.sarkariresult.com/admission/,Admission,NTA CUET UG 2022 All University Registration ,https://www.sarkariresult.com/2022/cuet-ug-university/
https://www.sarkariresult.com/admission/,Admission,MP PEB ADDET 2022 Online Form,https://www.sarkariresult.com/mp/mp-addet-2022/
https://www.sarkariresult.com/admission/,Admission,NVS Class 9th Admission Online Form 2023,https://www.sarkariresult.com/2023/nvs-class-9th-2023/
https://www.sarkariresult.com/admission/,Admission,JOSAA 2022 Online Counseling,https://www.sarkariresult.com/2022/josaa-2022/
https://www.sarkariresult.com/admission/,Admission,MP PEB Pre Veterinary and Fishery Admission PVFT Online Form 2022,https://www.sarkariresult.com/mp/mp-pvft-2022/
https://www.sarkariresult.com/admission/,Admission,MP Pre Nursing Selection Test PNST Online Form 2022,https://www.sarkariresult.com/mp/mp-pnst-2021-sep22/
https://www.sarkariresult.com/admission/,Admission,JEECUP Online Counseling 2022,https://www.sarkariresult.com/2022/jeecup-counseling/
https://www.sarkariresult.com/admission/,Admission,MP PAT 2022 Online Form,https://www.sarkariresult.com/mp/mp-pat-2022/
https://www.sarkariresult.com/admission/,Admission,CLAT 2023 Online Form,https://www.sarkariresult.com/2023/clat-2023/
https://www.sarkariresult.com/admission/,Admission,UPDELED 2022 Online Counseling ,https://www.sarkariresult.com/2022/up-deled-counseling/
https://www.sarkariresult.com/admission/,Admission,IIM CAT 2022 Online Form ,https://www.sarkariresult.com/2022/iim-cat-2022/
https://www.sarkariresult.com/admission/,Admission,NTA PM Young Achievers Scholarship Yasasvi Online Form 2022,https://www.sarkariresult.com/nta/pm-yasasvi-yet-2022/
https://www.sarkariresult.com/admission/,Admission,IIT JEE Advanced Online Form 2022,https://www.sarkariresult.com/2022/iit-jee-advanced-2022/
https://www.sarkariresult.com/admission/,Admission,NTA AIAPGET 2022 Online Form ,https://www.sarkariresult.com/nta/nta-aiapget-2022/
https://www.sarkariresult.com/admission/,Admission,IIT GATE 2023 Online Form ,https://www.sarkariresult.com/2022/iit-gate-2023/
https://www.sarkariresult.com/admission/,Admission,CBSE Board Verification of Marks Online Form 2022,https://www.sarkariresult.com/2022/cbse-re-evaluation-etc-jul22/
https://www.sarkariresult.com/admission/,Admission,Bihar 2 Year BEd Online Counselling 2022,https://www.sarkariresult.com/2022/bihar-2yr-bed-cet-2022/
https://www.sarkariresult.com/admission/,Admission,IIT JAM 2023 Online Form,https://www.sarkariresult.com/2022/iit-jam-2023/
https://www.sarkariresult.com/admission/,Admission,NTA ICAR AIEEA UG PG Phd Online Form 2022,https://www.sarkariresult.com/nta/nta-icar-aieea-2022/
https://www.sarkariresult.com/admission/,Admission,UP Scholarship Online Form 2022,https://www.sarkariresult.com/2022/up-scholarship-2022/
https://www.sarkariresult.com/admission/,Admission,NTA CUET PG Online Form 2022 ,https://www.sarkariresult.com/nta/nta-cuet-pg-2022/
https://www.sarkariresult.com/admission/,Admission,UP CPPNET Admissions Online Form 2022,https://www.sarkariresult.com/2022/up-cppnet-2022/
https://www.sarkariresult.com/admission/,Admission,UP ITI Admissions Online Form 2022,https://www.sarkariresult.com/2022/up-iti-admission-2022/
https://www.sarkariresult.com/admission/,Admission,UP BSc Nursing Admission Online Form 2022,https://www.sarkariresult.com/2022/up-bsc-nursing-cet2022/
https://www.sarkariresult.com/admission/,Admission,Bihar BA BEd / BSc BEd Online Form 2022,https://www.sarkariresult.com/2022/bihar-4year-bed-jul22/
https://www.sarkariresult.com/admission/,Admission,UPRTOU Admission Online Form 2022,https://www.sarkariresult.com/2022/uprtou-admission-jul22/
https://www.sarkariresult.com/admission/,Admission,Bihar DELEd  Online Form 2022,https://www.sarkariresult.com/2022/bihar-deled-2022/
https://www.sarkariresult.com/admission/,Admission,PRSU Prayagraj Admission Online Form 2022,https://www.sarkariresult.com/2022/prsu-admission-2022/
https://www.sarkariresult.com/admission/,Admission,UP Board Scrutiny Online Form 2022,https://www.sarkariresult.com/2022/up-board-scrutiny-2022/
https://www.sarkariresult.com/admission/,Admission,UPRTOU BEd Online Form 2022,https://www.sarkariresult.com/2022/uprtou-bed-2022/
https://www.sarkariresult.com/admission/,Admission,OFSS Bihar Intermediate 11th Admission Online Form 2022 ,https://www.sarkariresult.com/2022/ofss-bihar-admission/
https://www.sarkariresult.com/admission/,Admission,UP Health Worker Male Online Form 2022 ,https://www.sarkariresult.com/2022/up-health-worker-male/
https://www.sarkariresult.com/admission/,Admission,UP ANM Training Online Form 2022 ,https://www.sarkariresult.com/2022/up-anm-training/
https://www.sarkariresult.com/admission/,Admission,VBSPU PUCAT 2022 Online Form,https://www.sarkariresult.com/2022/vbspu-pucat-2022/
https://www.sarkariresult.com/admission/,Admission,DUVASU Mathura PVT Online Form 2022 ,https://www.sarkariresult.com/2022/mathura-pvt-2022/
https://www.sarkariresult.com/admission/,Admission,Allahabad University Admission Online Form 2022,https://www.sarkariresult.com/2022/au-pravesh-2022/
https://www.sarkariresult.com/admission/,Admission,UP DELED Admission Online Form 2022,https://www.sarkariresult.com/2022/up-deled-2022/
https://www.sarkariresult.com/admission/,Admission,NTA JEEMAIN Session II Online Form 2022,https://www.sarkariresult.com/nta/nta-jeemain-may-2022/
https://www.sarkariresult.com/admission/,Admission,MGKVP Varanasi Admission Online Form 2022,https://www.sarkariresult.com/2022/mgkvp-entrance/
https://www.sarkariresult.com/admission/,Admission,NTA CUET PG 2022 Online Form ,https://www.sarkariresult.com/nta/nta-cuet-pg-2022/
https://www.sarkariresult.com/admission/,Admission,Railway Kaushal Vikas Yojna Online Form 2022,https://www.sarkariresult.com/2022/railway-kaushal-vikas-yojna/
https://www.sarkariresult.com/admission/,Admission,Indian Army B.Sc Nursing Admission Online Form 2022,https://www.sarkariresult.com/force/army-bsc-nursing-2022/
https://www.sarkariresult.com/admission/,Admission,NTA JIPMAT 2022 Online Form,https://www.sarkariresult.com/nta/jipmat-2022/
https://www.sarkariresult.com/admission/,Admission,UP Abhyudaya Yojana Free Coaching Online Form 2022,https://www.sarkariresult.com/2022/up-abhyuday-scheme-2022/
https://www.sarkariresult.com/admission/,Admission,UP GNM Training Online Form 2022 ,https://www.sarkariresult.com/2022/up-gnm-training/
https://www.sarkariresult.com/admission/,Admission,"Delhi University DUET PG, BEd Admission Online Form 2022",https://www.sarkariresult.com/nta/nta-duet-pg-2022/
https://www.sarkariresult.com/admission/,Admission,NATA 2022 Online Form,https://www.sarkariresult.com/2022/nata-2022/
https://www.sarkariresult.com/admission/,Admission,Bihar 2 Year B.Ed Admission Online Form 2022,https://www.sarkariresult.com/2022/bihar-2yr-bed-cet-2022/
https://www.sarkariresult.com/admission/,Admission,Railway Kaushal Vikas Yojna Online Form 2022,https://www.sarkariresult.com/2022/railway-kaushal-vikas-yojna/
https://www.sarkariresult.com/admission/,Admission,NTA CUET UG 2022 Online Form,https://www.sarkariresult.com/nta/nta-cuet-ug-2022/
https://www.sarkariresult.com/admission/,Admission,NTA NEET UG Admissions Online Form 2022,https://www.sarkariresult.com/nta/nta-neet-ug-2022/
https://www.sarkariresult.com/admission/,Admission,IERT Admission Online Form 2022,https://www.sarkariresult.com/2022/iert-prayagraj-2022/
https://www.sarkariresult.com/admission/,Admission,BHU School Entrance Test SET Online Form 2022,https://www.sarkariresult.com/2022/bhu-set-2022/
https://www.sarkariresult.com/admission/,Admission,UPBEd 2022 Online Form ,https://www.sarkariresult.com/2022/upbed-2022/
https://www.sarkariresult.com/admission/,Admission,Rail Kaushal Vikas Yojna KVY Online Form 2022 ,https://www.sarkariresult.com/2022/railway-kaushal-vikas-yojna/
https://www.sarkariresult.com/admission/,Admission,UPCATET 2022 Online Form,https://www.sarkariresult.com/2022/upcatet-2022/
https://www.sarkariresult.com/admission/,Admission,NTA JEEMAIN Online Form 2022,https://www.sarkariresult.com/nta/nta-jeemain-april-2022/
https://www.sarkariresult.com/admission/,Admission,KVS Class 1 Admission Online Form 2022 ,https://www.sarkariresult.com/2022/kvs-class-1-admission/
https://www.sarkariresult.com/admission/,Admission,NEST 2022 Admission Online Form ,https://www.sarkariresult.com/2022/nest-exam-2022/
https://www.sarkariresult.com/admission/,Admission,NTA GPAT 2022 Online Form,https://www.sarkariresult.com/nta/nta-gpat-2022/
https://www.sarkariresult.com/admission/,Admission,NTA CMAT 2022 Online Form,https://www.sarkariresult.com/nta/nta-cmat-2022/
https://www.sarkariresult.com/admission/,Admission,UP Polytechnic JEECUP Online Form 2022 ,https://www.sarkariresult.com/2022/up-polytechnic-jeecup/
https://www.sarkariresult.com/admission/,Admission,Khelgaon Public School Admission Online Form 2022,https://www.sarkariresult.com/2022/kps-prayagraj/
https://www.sarkariresult.com/admission/,Admission,NTA NCHMJEE Admission Online Form 2022,https://www.sarkariresult.com/nta/nta-nchm-jee-2022/
https://www.sarkariresult.com/admission/,Admission,UP Ayush UG NEET  2021 Online Counselling ,https://www.sarkariresult.com/2021/up-ayush-neet-2021/
https://www.sarkariresult.com/admission/,Admission,UPSMFAC Admission Online Form 2022 ,https://www.sarkariresult.com/2022/upsmfac-admission/
https://www.sarkariresult.com/admission/,Admission,UP NEET 2021 Online Counselling ,https://www.sarkariresult.com/2021/up-neet-counselling/
https://www.sarkariresult.com/admission/,Admission,NBE NEET PG 2022 Online Form ,https://www.sarkariresult.com/2022/neet-pg-2022/
https://www.sarkariresult.com/admission/,Admission,CLAT 2022 Online Form ,https://www.sarkariresult.com/2022/clat-2022/
https://www.sarkariresult.com/admission/,Admission,VITEEE 2022 Online Form ,https://www.sarkariresult.com/2022/viteee-2022/
https://www.sarkariresult.com/admission/,Admission,UP CPPNET 2021 Online Form,https://www.sarkariresult.com/2021/up-cppnet-2021/
https://www.sarkariresult.com/admission/,Admission,UP IAS PCS Free Coaching Online Form 2021 ,https://www.sarkariresult.com/2021/up-ias-pcs-free-coaching/
https://www.sarkariresult.com/admission/,Admission,NTA AISSEE 2022 Online Form,https://www.sarkariresult.com/nta/nta-aissee-2022/
https://www.sarkariresult.com/admission/,Admission,JOSAA 2021 Online Counselling,https://www.sarkariresult.com/2021/josaa-2021-counselling/
https://www.sarkariresult.com/admission/,Admission,UP Abhyudaya Yojna Free Coaching Online Form 2021,https://www.sarkariresult.com/2021/up-abhyuday-free-coaching/
https://www.sarkariresult.com/admission/,Admission,"NTA NEET 2021 Phase II Form Filling, Phase I Correction",https://www.sarkariresult.com/2021/neet-ug-2021/
https://www.sarkariresult.com/admission/,Admission,UPCET 2021 Online Counselling,https://www.sarkariresult.com/2021/upcet-2021-counselling/
https://www.sarkariresult.com/admission/,Admission,MP Pre Agriculture Test PAT 2021 Online Form,https://www.sarkariresult.com/mp/mp-pat-2021/
https://www.sarkariresult.com/admission/,Admission,MP PVFT 2021 Online Form ,https://www.sarkariresult.com/mp/mp-peb-pvft-2021/
https://www.sarkariresult.com/admission/,Admission,MP PEB DAHET 2021 Online Form ,https://www.sarkariresult.com/mp/mp-peb-dahet-2021/
https://www.sarkariresult.com/admission/,Admission,NVS Class 6th Admission Online Form 2022,https://www.sarkariresult.com/2021/nvs-class-6-2022/
https://www.sarkariresult.com/admission/,Admission,UP DELED 2021 Online Counselling,https://www.sarkariresult.com/2021/updeled-2021-counselling/
https://www.sarkariresult.com/admission/,Admission,IIT JEE Advanced 2021 Syllabus,https://www.sarkariresult.com/2021/iit-jee-advanced-2021/
https://www.sarkariresult.com/admission/,Admission,IIT JEE Advanced 2021 Online Form,https://www.sarkariresult.com/2021/iit-jee-advanced-2021/
https://www.sarkariresult.com/admission/,Admission,JEECUP 2021 Online Counselling ,https://www.sarkariresult.com/2021/up-polytechnic-counselling/
https://www.sarkariresult.com/admission/,Admission,Allahabad University Admission Online Form 2021,https://www.sarkariresult.com/2021/au-pravesh-2021/
https://www.sarkariresult.com/admission/,Admission,UPBED 2021 Online Counselling,https://www.sarkariresult.com/2021/upbed-2021-counselling/
https://www.sarkariresult.com/admission/,Admission,Bihar B.Ed Online Counselling 2021,https://www.sarkariresult.com/bihar/bihar-bed-counselling-2021/
https://www.sarkariresult.com/admission/,Admission,NTA IIFT MBA Admission Online Form 2021,https://www.sarkariresult.com/nta/nta-iift-mba-2021/
https://www.sarkariresult.com/admission/,Admission,ECC Prayagraj UG / PG / B.Ed Admission Online Form 2021 ,https://www.sarkariresult.com/2021/ecc-prayagraj-admission/
https://www.sarkariresult.com/admission/,Admission,IIT JAM 2022 Online Form,https://www.sarkariresult.com/2021/jam-2022/
https://www.sarkariresult.com/admission/,Admission,IIT GATE 2022 Online Form,https://www.sarkariresult.com/2021/gate-2022/
https://www.sarkariresult.com/admission/,Admission,NTA CUCET 2021 Online Form ,https://www.sarkariresult.com/nta/nta-cu-cet-2021/
https://www.sarkariresult.com/admission/,Admission,NTA BBAU Lucknow Admission Online Form 2021,https://www.sarkariresult.com/nta/nta-bbau-admission-2021/
https://www.sarkariresult.com/admission/,Admission,BHU PET 2021 Online Form,https://www.sarkariresult.com/nta/nta-bhu-pet-2021/
https://www.sarkariresult.com/admission/,Admission,BHU UET 2021 Online Form,https://www.sarkariresult.com/nta/nta-bhu-uet-2021/
https://www.sarkariresult.com/admission/,Admission,PRSU Prayagraj UG / PG Admission Online Form 2021,https://www.sarkariresult.com/2021/prsu-prayagraj-admission/
https://www.sarkariresult.com/admission/,Admission,UP ITI Admission Online Form 2021,https://www.sarkariresult.com/2021/up-iti-admission-2021/
https://www.sarkariresult.com/admission/,Admission,IIM CAT Admission Online Form 2021,https://www.sarkariresult.com/2021/iim-cat-2021/
https://www.sarkariresult.com/admission/,Admission,Delhi University DU UG Admission Online Form 2021,https://www.sarkariresult.com/nta/nta-delhi-university-ug-2021/
https://www.sarkariresult.com/admission/,Admission,Delhi University DU PG Admission Online Form 2021,https://www.sarkariresult.com/nta/nta-delhi-university-pg-2021/
https://www.sarkariresult.com/admission/,Admission,NTA JNUEE 2021 Online Form,https://www.sarkariresult.com/nta/nta-jnuee-2021/
https://www.sarkariresult.com/admission/,Admission,NTA ICAR AIEEA 2021 Online Form,https://www.sarkariresult.com/nta/nta-icar-aieea-2021/
https://www.sarkariresult.com/admission/,Admission,NEET 2021 UG Online Form,https://www.sarkariresult.com/2021/neet-ug-2021/
https://www.sarkariresult.com/admission/,Admission,DUVASU Mathura PVT Online Form 2021 ,https://www.sarkariresult.com/2021/duvasu-mathura-pvt/
https://www.sarkariresult.com/admission/,Admission,"NTA JEEMAIN Phase III, IV Online Form 2021",https://www.sarkariresult.com/nta/nta-jeemain-phase-3-april21/
https://www.sarkariresult.com/admission/,Admission,UP Scholarship 2021 Online Form ,https://www.sarkariresult.com/2021/up-scholarship-2021/
https://www.sarkariresult.com/admission/,Admission,Bihar Board OFSS Admission Online Form 2021,https://www.sarkariresult.com/2021/ofss-bihar-admission/
https://www.sarkariresult.com/admission/,Admission,Dr. RMLAU Faizabad University Admission Online Form 2021,https://www.sarkariresult.com/2021/dr-rmlau-admission/
https://www.sarkariresult.com/admission/,Admission,Aligarh Muslim University AMU Admission Online Form 2021,https://www.sarkariresult.com/2021/amu-admission-2021/
https://www.sarkariresult.com/admission/,Admission,UP DELED 2021 Admission Online Form ,https://www.sarkariresult.com/2021/up-deled-2021/
https://www.sarkariresult.com/admission/,Admission,IERT Admission 2021 Online Form ,https://www.sarkariresult.com/2021/iert-admission-2021/
https://www.sarkariresult.com/admission/,Admission,DDU Gorakhpur Admission Online Form 2021,https://www.sarkariresult.com/2021/ddu-gkp-admission/
https://www.sarkariresult.com/admission/,Admission,Khel Gaon Public School Prayagraj Online Form 2021,https://www.sarkariresult.com/2021/khel-gaon-public-school/
https://www.sarkariresult.com/admission/,Admission,Jamia Millia Islamia JMI Admission Online Form 2021,https://www.sarkariresult.com/2021/jmi-admission-2021/
https://www.sarkariresult.com/admission/,Admission,Bihar 2 Year B.Ed Online Form 2021,https://www.sarkariresult.com/2021/bihar-2yr-bed/
https://www.sarkariresult.com/admission/,Admission,JIPMAT 2021 Online Form,https://www.sarkariresult.com/2021/jipmat-2021/
https://www.sarkariresult.com/admission/,Admission,MGKVP Varanasi Admission Online Form 2021,https://www.sarkariresult.com/2021/mgkvp-admission-2021/
https://www.sarkariresult.com/admission/,Admission,CSJM Kanpur University Private Online Form 2021,https://www.sarkariresult.com/2021/csjmu-private/
https://www.sarkariresult.com/admission/,Admission,NTA UPCET 2021 Online Form,https://www.sarkariresult.com/2021/upcet-2021/
https://www.sarkariresult.com/admission/,Admission,KVS Class 1 Admission Online Form 2021,https://www.sarkariresult.com/2021/kvs-class-1-admission/
https://www.sarkariresult.com/admission/,Admission,NTA JEEMAIN Phase III Online Form 2021,https://www.sarkariresult.com/nta/nta-jeemain-phase-3-april21/
https://www.sarkariresult.com/admission/,Admission,MP PPT 2020 Fee Refund Online Form ,https://www.sarkariresult.com/mp/mp-ppt-2020/
https://www.sarkariresult.com/admission/,Admission,UPCATET 2021 Online Form,https://www.sarkariresult.com/2021/upcatet-2021/
https://www.sarkariresult.com/admission/,Admission,BHU School Entrance Test SET 2021 Online Form,https://www.sarkariresult.com/2021/bhu-chs-set-2021/
https://www.sarkariresult.com/admission/,Admission,UP Polytechnic JEECUP 2021 Online Form,https://www.sarkariresult.com/2021/up-polytechnic-jeecup-2021/
https://www.sarkariresult.com/admission/,Admission,NEST 2021 Online Form,https://www.sarkariresult.com/2021/nest-2021/
https://www.sarkariresult.com/admission/,Admission,Mukhyamantri Abhyuday Yojna Online Form 2021,https://www.sarkariresult.com/2021/up-abhyuday-yojna/
https://www.sarkariresult.com/admission/,Admission,UPBED 2021 Online Form,https://www.sarkariresult.com/2021/upbed-2021/
https://www.sarkariresult.com/admission/,Admission,CLAT 2021 Online Form ,https://www.sarkariresult.com/2021/clat-2021-admission/
https://www.sarkariresult.com/admission/,Admission,UP Ayush NEET 2020 Online Registration,https://www.sarkariresult.com/2020/up-ayush-neet-2020/
https://www.sarkariresult.com/admission/,Admission,MP PEB ANMTST Online Form 2021,https://www.sarkariresult.com/mp/mp-peb-anmtst-2020/
https://www.sarkariresult.com/admission/,Admission,MP Pre Nursing PNST Online Form 2021,https://www.sarkariresult.com/mp/mp-peb-pnst-2020/
https://www.sarkariresult.com/admission/,Admission,NTA CMAT 2021 Online Form,https://www.sarkariresult.com/nta/nta-cmat-2021/
https://www.sarkariresult.com/admission/,Admission,NTA GPAT 2021 Online Form,https://www.sarkariresult.com/nta/nta-gpat-2021/
https://www.sarkariresult.com/admission/,Admission,UP CPPNET Online Form 2020,https://www.sarkariresult.com/2021/up-cppnet-2020/
https://www.sarkariresult.com/admission/,Admission,NTA JEEMAIN 2021 Online Form,https://www.sarkariresult.com/nta/nta-jeemain-2021/
https://www.sarkariresult.com/admission/,Admission,UPBED 2020 Online Counselling,https://www.sarkariresult.com/2020/up-bed-counselling-2020/
https://www.sarkariresult.com/admission/,Admission,UPNEET 2020 Online Counseling,https://www.sarkariresult.com/2020/up-neet-2020/
https://www.sarkariresult.com/admission/,Admission,NVS Class 6 Online Form 2020,https://www.sarkariresult.com/2021/nvs-class6-admission-2021/
https://www.sarkariresult.com/admission/,Admission,UP NTSE Online Form 2020,https://www.sarkariresult.com/2020/up-ntse-2020/
https://www.sarkariresult.com/admission/,Admission,Allahabad University Online Counseling 2020,https://www.sarkariresult.com/2020/au-admission-2020/
https://www.sarkariresult.com/admission/,Admission,NEET 2020 Online Counselling,https://www.sarkariresult.com/2020/neet-2020-counseling/
https://www.sarkariresult.com/admission/,Admission,BHU UET 2020 Online Counselling,https://www.sarkariresult.com/2020/bhu-uet-2020/
https://www.sarkariresult.com/admission/,Admission,BHU PET 2020 Online Counselling,https://www.sarkariresult.com/2020/bhu-pet-2020/
https://www.sarkariresult.com/admission/,Admission,UPSEE 2020 Online Counselling,https://www.sarkariresult.com/2020/upsee-2020/
https://www.sarkariresult.com/admission/,Admission,Bihar B.Ed Online Counselling 2020,https://www.sarkariresult.com/bihar/bihar-4yr-bed-cet-2020/
https://www.sarkariresult.com/admission/,Admission,IIT JEE MAIN / Advanced JOSAA Online Counseling 2020,https://www.sarkariresult.com/2020/iit-jee-advance-2020/
https://www.sarkariresult.com/admission/,Admission,JEECUP 2020 Online Counselling,https://www.sarkariresult.com/2020/up-polytechnic-jeecup-2020/
https://www.sarkariresult.com/admission/,Admission,Indian Navy B.Tech Entry Online Form 2020,https://www.sarkariresult.com/force/navy-btech-entry-jan2021/
https://www.sarkariresult.com/admission/,Admission,"BHU IMS B.Sc Nursing, B.Pharma Online Form 2020",https://www.sarkariresult.com/2020/bhu-ims-admission-2020/
https://www.sarkariresult.com/admission/,Admission,JAM 2021 Online Form,https://www.sarkariresult.com/2020/iisc-jam-2021/
https://www.sarkariresult.com/admission/,Admission,IIT GATE 2021 Online Form,https://www.sarkariresult.com/2020/iit-gate-2021/
https://www.sarkariresult.com/admission/,Admission,IIT JEE Advanced Online Form 2020,https://www.sarkariresult.com/2020/iit-jee-advance-2020/
https://www.sarkariresult.com/admission/,Admission,CBSE Board Improvement Online Form 2020 ,https://www.sarkariresult.com/2020/cbse-board-2020/
https://www.sarkariresult.com/admission/,Admission,IIM CAT 2020 Online Form ,https://www.sarkariresult.com/2020/iim-cat-2020/
https://www.sarkariresult.com/admission/,Admission,UP ITI Admission Online Form 2020,https://www.sarkariresult.com/2020/up-iti-admission-2020/
https://www.sarkariresult.com/admission/,Admission,KVS Class 1 Admission Online Form 2020 ,https://www.sarkariresult.com/2020/kvs-class-1-admission-2020/
https://www.sarkariresult.com/admission/,Admission,CBSE Board Class 10 Verification of Marks Online Form 2020,https://www.sarkariresult.com/2020/cbse-xth-result/
https://www.sarkariresult.com/admission/,Admission,CBSE Board Class 12 Verification of Marks Online Form 2020,https://www.sarkariresult.com/2020/cbse-board-2020/
https://www.sarkariresult.com/admission/,Admission,UP Scholarship Class 9 to 12 Online Form ,https://www.sarkariresult.com/2020/up-scholarship-pre-post/
https://www.sarkariresult.com/admission/,Admission,UP Board Scrutiny Online Form 2020,https://www.sarkariresult.com/2020/up-board-scrutiny-form-2020/
https://www.sarkariresult.com/admission/,Admission,DU PG Admission Online Form 2020,https://www.sarkariresult.com/2020/du-pg-admission-2020/
https://www.sarkariresult.com/admission/,Admission,Delhi University DU UG Online Form 2020,https://www.sarkariresult.com/2020/du-ug-admission-2020/
https://www.sarkariresult.com/admission/,Admission,MP Pre Agriculture Test PAT Online Form 2020,https://www.sarkariresult.com/mp/mp-pat-2020/
https://www.sarkariresult.com/admission/,Admission,MP Pre Polytechnic PPT Online Form 2020 ,https://www.sarkariresult.com/mp/mp-ppt-2020/
https://www.sarkariresult.com/admission/,Admission,MP Pre Veterinary PVFT Online Form 2020,https://www.sarkariresult.com/page/mp-veterinary-pvft-2020/
https://www.sarkariresult.com/admission/,Admission,MP DAHET 2020 Online Form,https://www.sarkariresult.com/mp/mp-dahet-2020/
https://www.sarkariresult.com/admission/,Admission,Bundelkhand BU Jhansi Admission Online Form 2020,https://www.sarkariresult.com/2020/bu-jhansi-admission/
https://www.sarkariresult.com/admission/,Admission,Allahabad University Admission Online Form 2020,https://www.sarkariresult.com/2020/au-admission-2020/
https://www.sarkariresult.com/admission/,Admission,CUCET 2020 Online Form,https://www.sarkariresult.com/2020/cucet-2020/
https://www.sarkariresult.com/admission/,Admission,UPCATET  2020 Online Form,https://www.sarkariresult.com/2020/up-catet-2020/
https://www.sarkariresult.com/admission/,Admission,Mathura PVT 2020 Online Form,https://www.sarkariresult.com/2020/mathura-pvt-2020/
https://www.sarkariresult.com/admission/,Admission,IERT 2020 Online Form,https://www.sarkariresult.com/2020/iert-2020-admission/
https://www.sarkariresult.com/admission/,Admission,NTA JNU Online Form 2020,https://www.sarkariresult.com/nta/nta-jnu-2020/
https://www.sarkariresult.com/admission/,Admission,NTA ICAR UG  Online Form 2020,https://www.sarkariresult.com/nta/nta-icar-2020/
https://www.sarkariresult.com/admission/,Admission,BHU SET 2020 Online Form ,https://www.sarkariresult.com/2020/bhu-set-2020/
https://www.sarkariresult.com/admission/,Admission,UPBED 2020 Online Form,https://www.sarkariresult.com/2020/upbed-2020/
https://www.sarkariresult.com/admission/,Admission,NTA JEEMAIN Phase II April 2020 Online Form,https://www.sarkariresult.com/nta/nta-jeemain-phase-2-2020/
https://www.sarkariresult.com/admission/,Admission,Bihar 4 Year B.Ed CET Online Form 2020,https://www.sarkariresult.com/bihar/bihar-4yr-bed-cet-2020/
https://www.sarkariresult.com/admission/,Admission,BHU UET 2020 Online Form,https://www.sarkariresult.com/2020/bhu-uet-2020/
https://www.sarkariresult.com/admission/,Admission,BHU PET 2020 Online Form,https://www.sarkariresult.com/2020/bhu-pet-2020/
https://www.sarkariresult.com/admission/,Admission,BITSAT 2020 Online Form,https://www.sarkariresult.com/2020/bitsat-2020/
https://www.sarkariresult.com/admission/,Admission,MMM Gorakhpur MET Online Form 2020,https://www.sarkariresult.com/2020/mmm-gorakhpur-met2020/
https://www.sarkariresult.com/admission/,Admission,UPSEE 2020 Online Form,https://www.sarkariresult.com/2020/upsee-2020/
https://www.sarkariresult.com/admission/,Admission,NTA NCHMJEE Online Form 2020,https://www.sarkariresult.com/nta/nta-nchmjee-2020/
https://www.sarkariresult.com/admission/,Admission,NEST 2020 Online Form,https://www.sarkariresult.com/2020/nest-admission-2020/
https://www.sarkariresult.com/admission/,Admission,CLAT  Online Form 2020 ,https://www.sarkariresult.com/2020/clat-2020/
https://www.sarkariresult.com/admission/,Admission,U P Polytechnic JEECUP Admission Online Form 2020,https://www.sarkariresult.com/2020/up-polytechnic-jeecup-2020/
https://www.sarkariresult.com/admission/,Admission,KIITEE 2020 Online Form,https://www.sarkariresult.com/2020/kiitee-2020/
https://www.sarkariresult.com/admission/,Admission,NTA NEET 2020 Online Form,https://www.sarkariresult.com/nta/nta-neet-2020/
https://www.sarkariresult.com/admission/,Admission,Navy B.Tech Admission Online Form 2020,https://www.sarkariresult.com/force/navy-b.tech-jul20/
https://www.sarkariresult.com/admission/,Admission,NTA GPAT 2020 Online Form ,https://www.sarkariresult.com/nta/nta-gpat-2020/
https://www.sarkariresult.com/admission/,Admission,NTA CMAT 2020 Online Form ,https://www.sarkariresult.com/nta/nta-cmat-2020/
https://www.sarkariresult.com/admission/,Admission,NTA JEEMAIN 2020 Online Correction / Edit Form ,https://www.sarkariresult.com/nta/jee-main-april-2020/
https://www.sarkariresult.com/admission/,Admission,"UP NTT, CT Nursery, DPEd Admission Online Form 2019",https://www.sarkariresult.com/2019/up-ntt-ct-dped-2019/
https://www.sarkariresult.com/admission/,Admission,NTA IIFT Admission Online Form 2019,https://www.sarkariresult.com/nta/nta-iift-mba-sep19/
https://www.sarkariresult.com/admission/,Admission,NTA JEEMAIN 2020 Online Form ,https://www.sarkariresult.com/nta/jee-main-april-2020/
https://www.sarkariresult.com/admission/,Admission,Bihar 4 Year BEd Online Form 2019,https://www.sarkariresult.com/bihar/bihar-4yr-bed/
https://www.sarkariresult.com/admission/,Admission,IIT GATE  2020 Online Form,https://www.sarkariresult.com/2020/iit-delhi-gate-2020/
https://www.sarkariresult.com/admission/,Admission,IIT JAM 2020 Online Form,https://www.sarkariresult.com/2020/iit-kharagpur-jam-2020/
https://www.sarkariresult.com/admission/,Admission,UP Ayush NEET Online Counselling 2019,https://www.sarkariresult.com/2019/up-ayush-neet-2019/
https://www.sarkariresult.com/admission/,Admission,UP NEET MOP UP Round Online Counselling 2019,https://www.sarkariresult.com/2019/up-neet-2019/
https://www.sarkariresult.com/admission/,Admission,AIIMS MBBS Open Counselling 2019,https://www.sarkariresult.com/2019/aiims-mbbs-admission-2019/
https://www.sarkariresult.com/admission/,Admission,IIM CAT Online Form 2019,https://www.sarkariresult.com/2019/iim-cat-2019/
https://www.sarkariresult.com/admission/,Admission,UP NEET 2019 Online Counselling ,https://www.sarkariresult.com/2019/up-neet-2019/
https://www.sarkariresult.com/admission/,Admission,UP ITI Admission Online Form 2019,https://www.sarkariresult.com/page/scvt-up-iti-2019/
https://www.sarkariresult.com/admission/,Admission,Indian Navy University Entry Scheme UES Online Form 2019,https://www.sarkariresult.com/force/navy-ues-june-2020/
https://www.sarkariresult.com/admission/,Admission,MP Nursing Admission GNST & PNST Online Form 2019,https://www.sarkariresult.com/mp/mp-peb-gnst-pnst-2019/
https://www.sarkariresult.com/admission/,Admission,MP Pre Agriculture Test PAT Online Form 2019,https://www.sarkariresult.com/mp/mp-peb-pre-agriculture-pat2019/
https://www.sarkariresult.com/admission/,Admission,Delhi University DU UG Admission Online Form 2019,https://www.sarkariresult.com/2019/du-ug-admission/
https://www.sarkariresult.com/admission/,Admission,IIT JEE Advance Online Form 2019,https://www.sarkariresult.com//2019/iit-jee-advance-2019/
https://www.sarkariresult.com/admission/,Admission,Allahabad State University Online Form 2019,https://www.sarkariresult.com/2019/allahabad-state-university-admission/
https://www.sarkariresult.com/admission/,Admission,BU Jhansi Admission Online Form 2019,https://www.sarkariresult.com/2019/bundelkhand-university-bu-jhansi/
https://www.sarkariresult.com/admission/,Admission,CSJMU Admission Online Form,https://www.sarkariresult.com/2019/csjmu-kanpur-admission/
https://www.sarkariresult.com/admission/,Admission,Bihar BSEB OFSS Intermediate Online Form 2019,https://www.sarkariresult.com/bihar/bihar-board-ofss-2019-21/
https://www.sarkariresult.com/admission/,Admission,DBRAU Agra Admission Online Form,https://www.sarkariresult.com/2019/dbrau-agra-admission-2019/
https://www.sarkariresult.com/admission/,Admission,BHU IMS Online Form 2019 ,https://www.sarkariresult.com/2019/bhu-ims-admission/
https://www.sarkariresult.com/admission/,Admission,MP Pre Veterinary Online Form 2019,https://www.sarkariresult.com/mp/mp-peb-pre-veterinary-pvft/
https://www.sarkariresult.com/admission/,Admission,MP DAHET Online Form 2019 ,https://www.sarkariresult.com/page/mppebdahet/
https://www.sarkariresult.com/admission/,Admission,Allahabad University Admission Online Form 2019,https://www.sarkariresult.com/2019/allahabad-university-au-pravesh/
https://www.sarkariresult.com/admission/,Admission,NTA ICAR Online Form 2019,https://www.sarkariresult.com/2019/nta-icar-aieea/
https://www.sarkariresult.com/admission/,Admission,IERT 2019 Online Form,https://www.sarkariresult.com/2019/iert-admission/
https://www.sarkariresult.com/admission/,Admission,IMU CET Online Form 2019,https://www.sarkariresult.com/2019/imu-cet-2019/
https://www.sarkariresult.com/admission/,Admission,Bihar Board Scrutiny Online Form 2019,https://www.sarkariresult.com/2019/bihar-board-bseb/
https://www.sarkariresult.com/admission/,Admission,MP Polytechnic PPT Online Form 2019,https://www.sarkariresult.com/mp/mp-peb-polytechnic-ppt-2019/
https://www.sarkariresult.com/admission/,Admission,NTA CEEB 2019 Online Form,https://www.sarkariresult.com/2019/nta-ceeb-2019/
https://www.sarkariresult.com/admission/,Admission,NTA JNU Online Form 2019,https://www.sarkariresult.com/2019/nta-jnuee-2019/
https://www.sarkariresult.com/admission/,Admission,Mathura PVT Online Form 2019,https://www.sarkariresult.com/2019/upvetunivexam-mathura-pvt/
https://www.sarkariresult.com/admission/,Admission,BITSAT 2019 Online Form,https://www.sarkariresult.com/2019/bitsat-admission-2019/
https://www.sarkariresult.com/admission/,Admission,JIPMER MBBS Online Form 2019,https://www.sarkariresult.com/2019/jipmer-mbbs-2019/
https://www.sarkariresult.com/admission/,Admission, KVS Class 1 Admission Online Form 2019,https://www.sarkariresult.com/2019/kvs-class-1-admission/
https://www.sarkariresult.com/admission/,Admission, AIIMS MBBS Admission Online Form 2019,https://www.sarkariresult.com/2019/aiims-mbbs-admission-2019/
https://www.sarkariresult.com/admission/,Admission, BHU SET CHS Online Form 2019,https://www.sarkariresult.com/2019/bhu-chs-set-2019/
https://www.sarkariresult.com/admission/,Admission,UPBED 2019 Online Form,https://www.sarkariresult.com/2019/up-bed-2019/
https://www.sarkariresult.com/admission/,Admission, BHU UET Online Form 2019,https://www.sarkariresult.com/2019/bhu-uet-2019/
https://www.sarkariresult.com/admission/,Admission, BHU PET Online Form 2019,https://www.sarkariresult.com/2019/bhu-pet-2019/
https://www.sarkariresult.com/admission/,Admission, NTA JEEMAIN Phase II Online Form 2019,https://www.sarkariresult.com/2019/nta-jee-main-phase-2/
https://www.sarkariresult.com/admission/,Admission,MMM Gorakhpur Online Form 2019,https://www.sarkariresult.com/2019/mmm-gorakhpur-met-2019/
https://www.sarkariresult.com/admission/,Admission, NATA 2019 Online Form,https://www.sarkariresult.com/2019/nata-2019-admission/
https://www.sarkariresult.com/admission/,Admission,UPSMFAC Combined Admission Online Form 2019,https://www.sarkariresult.com/2019/upsmfac-admission-2019/
https://www.sarkariresult.com/admission/,Admission,NTA NCHM JEE Online Form 2019,https://www.sarkariresult.com/2019/nta-nchm-jee-2019/
https://www.sarkariresult.com/admission/,Admission, UPSEE 2019 Online Form,https://www.sarkariresult.com/2019/aktu-upsee-2019/
https://www.sarkariresult.com/admission/,Admission, CLAT 2019 Online Form,https://www.sarkariresult.com/2019/clat-2019/
https://www.sarkariresult.com/admission/,Admission, NEST 2019 Online Form,https://www.sarkariresult.com/page/nestadmission/
https://www.sarkariresult.com/admission/,Admission,JEECUP 2019 Online  Form, https://www.sarkariresult.com/2019/jeecup-upjee-polytechnic-2019/
https://www.sarkariresult.com/admission/,Admission, KIITEE 2019 Admission Online Form,https://www.sarkariresult.com/2019/kiitee-admission-2019/
https://www.sarkariresult.com/admission/,Admission, AIIMS MBBS Admission Online Form 2019,https://www.sarkariresult.com/2019/aiims-mbbs-admission-2019/
https://www.sarkariresult.com/admission/,Admission, NTA GPAT Online Form 2019,https://www.sarkariresult.com/2019/nta-gpat-2019/
https://www.sarkariresult.com/admission/,Admission, NTA NEET Online Form 2019,https://www.sarkariresult.com/2019/nta-neet-ug-2019/
https://www.sarkariresult.com/admission/,Admission,VITEEE 2019 Online Form,https://www.sarkariresult.com/2019/vit-viteee-2019/
https://www.sarkariresult.com/admission/,Admission, NTA Jee Main Online Form 2019,https://www.sarkariresult.com/2019/ntajeemain/
https://www.sarkariresult.com/admission/,Admission, IIT JAM 2019 Online Form,https://www.sarkariresult.com/2019/jam2019/
https://www.sarkariresult.com/admission/,Admission, IIT GATE 2019 Online Form,https://www.sarkariresult.com/2019/gate2019/
https://www.sarkariresult.com/admission/,Admission,IIM CAT Admission Online Form 2018,https://www.sarkariresult.com/page/iimcat2018/
https://www.sarkariresult.com/admission/,Admission,UP Scholarship Online Form 2018,https://www.sarkariresult.com/page/upscholarship2018/
https://www.sarkariresult.com/admission/,Admission, Navy UES Entry 2019 Online Form ,https://www.sarkariresult.com/page/navyues2019/
https://www.sarkariresult.com/admission/,Admission, MP BTC Admission Online Form 2018,https://www.sarkariresult.com/page/mpbtc2018/
https://www.sarkariresult.com/admission/,Admission,UPSEE 2018 Online Counseling,https://www.sarkariresult.com/page/upsee2018/
https://www.sarkariresult.com/admission/,Admission, CLAT 2018 Online Counseling,https://www.sarkariresult.com/page/clatadmission/
https://www.sarkariresult.com/admission/,Admission, UP Private ITI Online Form,https://www.sarkariresult.com/page/upiti2018/
https://www.sarkariresult.com/admission/,Admission, Delhi University DU PG Online Form 2018,https://www.sarkariresult.com/page/dupg2018/
https://www.sarkariresult.com/admission/,Admission," ICAR AIEEA UG, PG, PHd Admission Online Form 2018",https://www.sarkariresult.com/page/icaraieea2018/
https://www.sarkariresult.com/admission/,Admission, Delhi University DU UG Admission Online Form 2018,https://www.sarkariresult.com/page/duug2018/
https://www.sarkariresult.com/admission/,Admission, UP DELEd BTC Online Form 2018,https://www.sarkariresult.com/page/updeled2018/
https://www.sarkariresult.com/admission/,Admission, MP GNTST Online Form 2018,https://www.sarkariresult.com/page/mpnursing/
https://www.sarkariresult.com/admission/,Admission, IIT JEE Advanced Online Form 2018,https://www.sarkariresult.com/page/iitjeeadvance2018/
https://www.sarkariresult.com/admission/,Admission, UP ITI Admission Online Form 2018,https://www.sarkariresult.com/page/upiti2018/
https://www.sarkariresult.com/admission/,Admission, BHU IMS B.Sc Nursing Online Form 2018,https://www.sarkariresult.com/page/bhuims/
https://www.sarkariresult.com/admission/,Admission, DDU Gorakhpur UG Admission Online Form 2018,https://www.sarkariresult.com/page/ddugkpug2018/
https://www.sarkariresult.com/admission/,Admission, Bundelkhand University BU Jhansi Admission Online Form 2018,https://www.sarkariresult.com/page/bujhansi2018/
https://www.sarkariresult.com/admission/,Admission, Allahabad University Admission Online Form 2018,https://www.sarkariresult.com/page/auadmission2018/
https://www.sarkariresult.com/admission/,Admission, IMU CET 2018 Online Form,https://www.sarkariresult.com/page/imucet2018/
https://www.sarkariresult.com/admission/,Admission, MP ANM Online Form 2018,https://www.sarkariresult.com/page/mppebanmtst/
https://www.sarkariresult.com/admission/,Admission, Kanpur University Entrance Online Form 2018,https://www.sarkariresult.com/page/csjmuadmission/
https://www.sarkariresult.com/admission/,Admission, UPSEE Correction Form 2018,https://www.sarkariresult.com/page/upsee2018/
https://www.sarkariresult.com/admission/,Admission, MP Polytechnic PPT Online Form,https://www.sarkariresult.com/page/mpppt/
https://www.sarkariresult.com/admission/,Admission, JEECUP Correction Form 2018,https://www.sarkariresult.com/page/jeecup2018/
https://www.sarkariresult.com/admission/,Admission, BITSAT Correction Form 2018,https://www.sarkariresult.com/page/bitsadmission/
https://www.sarkariresult.com/admission/,Admission, MP Agriculture PAT Online Form,https://www.sarkariresult.com/page/mppebpat/
https://www.sarkariresult.com/admission/,Admission,Mathura PVT Online Form 2018 ,https://www.sarkariresult.com/page/mathurapvt/
https://www.sarkariresult.com/admission/,Admission, JIPMER MBBS Online Form 2018,https://www.sarkariresult.com/page/jipmermbbs/
https://www.sarkariresult.com/admission/,Admission,KVS Class 1 Admission 2018 Online Form,https://www.sarkariresult.com/page/kvsadmission2018/
https://www.sarkariresult.com/admission/,Admission,BHU School Entrance Test SET 2018 Online Form,https://www.sarkariresult.com/page/bhuset2018/
https://www.sarkariresult.com/admission/,Admission,UPCATET 2018 Online Form,https://www.sarkariresult.com/page/upcatet2018/
https://www.sarkariresult.com/admission/,Admission,UPBEd 2018 Online Form,https://www.sarkariresult.com/page/upbed2018/
https://www.sarkariresult.com/admission/,Admission, AMU Admission Online Form 2018,https://www.sarkariresult.com/page/amu2018/
https://www.sarkariresult.com/admission/,Admission,CBSE NEET 2018 Online Form ,https://www.sarkariresult.com/page/cbseneet2018/
https://www.sarkariresult.com/admission/,Admission, AIIMS MBBS Online Form 2018,https://www.sarkariresult.com/page/aiimsmbbs/
https://www.sarkariresult.com/admission/,Admission,BHU PET Post Graduate Admission Online Form 2018,https://www.sarkariresult.com/page/bhupet2018/
https://www.sarkariresult.com/admission/,Admission,BHU UET Under Graduate Admission Online Form 2018,https://www.sarkariresult.com/page/bhuuet2018/
https://www.sarkariresult.com/admission/,Admission,UPSEE 2018 Online Form,https://www.sarkariresult.com/page/upsee2018/
https://www.sarkariresult.com/admission/,Admission,MMM Gorakhpur MET 2018 Online Form,https://www.sarkariresult.com/page/mmmutadmission/
https://www.sarkariresult.com/admission/,Admission,NATA 2018 Online Form ,https://www.sarkariresult.com/page/nataadmission/
https://www.sarkariresult.com/admission/,Admission, JEEMAIN 2018 Online Correction From  ,https://www.sarkariresult.com/page/jeemain2018/
https://www.sarkariresult.com/admission/,Admission,CLAT 2018 Online Form,https://www.sarkariresult.com/page/clatadmission/
https://www.sarkariresult.com/admission/,Admission,NEST 2018 Online Form,https://www.sarkariresult.com/page/nestadmission/
https://www.sarkariresult.com/admission/,Admission," UP CT, NTT, DPEd Online Form 2018 ",https://www.sarkariresult.com/page/upctnttded/
https://www.sarkariresult.com/admission/,Admission,UP Polytechnic JEECUP 2018 Online Form,https://www.sarkariresult.com/page/jeecup2018/
https://www.sarkariresult.com/admission/,Admission, BITSAT 2018 Online Form, https://www.sarkariresult.com/page/bitsadmission/
https://www.sarkariresult.com/admission/,Admission, KIITEE 2018 Online Form , https://www.sarkariresult.com/page/kiiteeonline/
https://www.sarkariresult.com/admission/,Admission, CSJM Kanpur University Private Online Form 2018 ,https://www.sarkariresult.com/page/kanpurprivate2017/
https://www.sarkariresult.com/admission/,Admission,VITEEE 2018 Online Form ,https://www.sarkariresult.com/page/viteeeadmission/
https://www.sarkariresult.com/admission/,Admission,UPSMFAC Admission Online Form 2017,https://www.sarkariresult.com/page/upsmfac/
https://www.sarkariresult.com/admission/,Admission,IIT JAM 2018 Online Form,https://www.sarkariresult.com/page/jamadmission/
https://www.sarkariresult.com/admission/,Admission,UP CPAT 2017 Online Form ,https://www.sarkariresult.com/page/cpatadmission/
https://www.sarkariresult.com/admission/,Admission,MP BTC DElEd Online Form 2017 ,https://www.sarkariresult.com/page/mpbtcadmission/
https://www.sarkariresult.com/admission/,Admission,MP PAHUNT Online Form 2017,https://www.sarkariresult.com/page/mppebpahunt/
https://www.sarkariresult.com/admission/,Admission,UP ITI VPPUP Admission Online Form 2017,https://www.sarkariresult.com/page/upitiadmission/
https://www.sarkariresult.com/admission/,Admission,DU UG Admission Merit Online Form 2017, https://www.sarkariresult.com/page/duugmerit/
https://www.sarkariresult.com/admission/,Admission, Bundelkhand University BU Jhansi Online Form 2017,https://www.sarkariresult.com/page/bujhansiadmission/
https://www.sarkariresult.com/admission/,Admission,JEE Advanced Online Form 2017,https://www.sarkariresult.com/page/jeeadv2016/
https://www.sarkariresult.com/admission/,Admission,MP BEd MEd BPEd MPEd Online Form 2017,https://www.sarkariresult.com/page/mppebadmission/
https://www.sarkariresult.com/admission/,Admission,MP BABEd BSc Bed Online Form,https://www.sarkariresult.com/page/mppebbabed/
https://www.sarkariresult.com/admission/,Admission,Allahabad University All Course Online Form 2017,https://www.sarkariresult.com/page/uoaentrance/
https://www.sarkariresult.com/admission/,Admission, JNU Admission Online Form 2017,https://www.sarkariresult.com/page/jnuadmission/
https://www.sarkariresult.com/admission/,Admission, JIPMER MBBS Online Form 2017,https://www.sarkariresult.com/page/jipmermbbs/
https://www.sarkariresult.com/admission/,Admission,CSJMU Kanpur University Entrance Online Form 2017,https://www.sarkariresult.com/page/csjmuadmission/
https://www.sarkariresult.com/admission/,Admission,MP Pre Agriculture Test PAT Online Form 2017,https://www.sarkariresult.com/page/mppebpat/
https://www.sarkariresult.com/admission/,Admission, BHU School Entrance Test SET CHS 2017 Online Form,https://www.sarkariresult.com/page/bhuset/
https://www.sarkariresult.com/admission/,Admission,BITSAT 2017 Slot Booking,https://www.sarkariresult.com/page/bitsadmission/
https://www.sarkariresult.com/admission/,Admission,UPBED 2017 Online Form,https://www.sarkariresult.com/page/upbedadmission/
https://www.sarkariresult.com/admission/,Admission,CBSE NEET Online Correction Form 2017, https://www.sarkariresult.com/page/cbseneet/
https://www.sarkariresult.com/admission/,Admission, UP Polytechnic JEECUP Correction Form 2017,https://www.sarkariresult.com/page/jeecup2017/
https://www.sarkariresult.com/admission/,Admission,Aligarh Muslim University AMU Admission Online Form 2017,https://www.sarkariresult.com/page/amuadmission/
https://www.sarkariresult.com/admission/,Admission, NEST 2017 Online Form ,https://www.sarkariresult.com/page/nest2016/
https://www.sarkariresult.com/admission/,Admission,Kendriya Vidyalaya KVS Class I Admission Online Form 2017,https://www.sarkariresult.com/page/kvsadmission/
https://www.sarkariresult.com/admission/,Admission,BHU PET Post Graduate Online Form 2017,https://www.sarkariresult.com/page/bhupetadmission/
https://www.sarkariresult.com/admission/,Admission, BHU UET Under Graduate Admission Online Form 2017,https://www.sarkariresult.com/page/bhuuetadmission/
https://www.sarkariresult.com/admission/,Admission, CBSE NEET 2017 Online Form,https://www.sarkariresult.com/page/cbseneet/
https://www.sarkariresult.com/admission/,Admission, CBSE NEET Online Form 2017,https://www.sarkariresult.com/page/cbseneet/
https://www.sarkariresult.com/admission/,Admission,AIIMS MBBS 2017 Online Form ,https://www.sarkariresult.com/page/aiimsmbbs/
https://www.sarkariresult.com/admission/,Admission,JEEMAIN 2017 Online Correction Form,https://www.sarkariresult.com/page/jeemain2017/
https://www.sarkariresult.com/admission/,Admission, BITSAT 2017 Online Form,https://www.sarkariresult.com/page/bitsadmission/
https://www.sarkariresult.com/admission/,Admission, CLAT 2017 Admission UG / PG Online Form,https://www.sarkariresult.com/page/clatadmission/
https://www.sarkariresult.com/admission/,Admission,UPSEE / UPTU / AKTU 2017 Online Form,https://www.sarkariresult.com/page/upseeadmission/
https://www.sarkariresult.com/admission/,Admission,NATA 2017 Architecture Admission Online Form,https://www.sarkariresult.com/page/nataadmission/
https://www.sarkariresult.com/admission/,Admission, UP Polytechnic JEECUP 2017 Online Form,https://www.sarkariresult.com/page/jeecup2017/
https://www.sarkariresult.com/admission/,Admission,KIITEE 2017 Online Form,https://www.sarkariresult.com/page/kiiteeonline/
https://www.sarkariresult.com/admission/,Admission,VITEEE 2017 Admission Online Form,https://www.sarkariresult.com/page/viteee2017/
https://www.sarkariresult.com/admission/,Admission,CSJM Kanpur University Private Online Form 2017,https://www.sarkariresult.com/page/kanpurprivate2017/
https://www.sarkariresult.com/admission/,Admission,CBSE JEE Mains 2017 Online Form,https://www.sarkariresult.com/page/jeemain2017/
https://www.sarkariresult.com/admission/,Admission,"UP CT Nursery, NTT, DPEd Online Form 2016",https://www.sarkariresult.com/page/upctnttded/
https://www.sarkariresult.com/admission/,Admission,GATE 2017 Online Form,https://www.sarkariresult.com/page/gate2017/
https://www.sarkariresult.com/admission/,Admission,UP Scholarship Online Form 2016,https://www.sarkariresult.com/page/upscholarshiponline/
https://www.sarkariresult.com/admission/,Admission,UPSEE 2016 Online Counseling ,https://www.sarkariresult.com/page/upsee2016/
https://www.sarkariresult.com/admission/,Admission,JEEMAIN 2016 Online Counseling ,https://www.sarkariresult.com/page/jeemain/
https://www.sarkariresult.com/admission/,Admission,JEECUP Online Counseling 2016,https://www.sarkariresult.com/page/jeecupapril/
https://www.sarkariresult.com/admission/,Admission,BHU PET/UET Online Counseling 2016,https://www.sarkariresult.com/page/bhuonline/
https://www.sarkariresult.com/admission/,Admission,UPBED Online Counseling 2016,https://www.sarkariresult.com/page/upbed2016/
https://www.sarkariresult.com/admission/,Admission,Delhi University DU UG Admission 2016 Merit Based Online Form 2016,https://www.sarkariresult.com/page/duugmerit/
https://www.sarkariresult.com/admission/,Admission,"Allahabad University PGAT, Other Course Online Form 2016",https://www.sarkariresult.com/page/uoaentrance/
https://www.sarkariresult.com/admission/,Admission, Delhi University DU UG Admission Online Form 2016,https://www.sarkariresult.com/page/duug2016/
https://www.sarkariresult.com/admission/,Admission,UP ITI VPPUP Online Form 2016 ,https://www.sarkariresult.com/page/upitiadmission/
https://www.sarkariresult.com/admission/,Admission,MP Pre Polytechnic Test PPT Online Form 2016,https://www.sarkariresult.com/page/mpppt/
https://www.sarkariresult.com/admission/,Admission,Delhi University DU Post Graduate PG Admission Online Form 2016,https://www.sarkariresult.com/page/dupgadmission/
https://www.sarkariresult.com/admission/,Admission,Lucknow University UG Admission 2016 Online Form,https://www.sarkariresult.com/page/luadmissionug/
https://www.sarkariresult.com/admission/,Admission,JEE Advanced 2016 Online Form,https://www.sarkariresult.com/page/jeeadv2016/
https://www.sarkariresult.com/admission/,Admission,ICAR AIEEA UG/PG Admission Online Form 2016,https://www.sarkariresult.com/page/icarexam/
https://www.sarkariresult.com/admission/,Admission,Bundelkhand University BU Jhansi Admission 2016 Online Form,https://www.sarkariresult.com/page/bujhansiadmission/
https://www.sarkariresult.com/admission/,Admission,MP Diploma in Animal Husbandry DAHET 2016 Online Form ,https://www.sarkariresult.com/page/mppebdahet/
https://www.sarkariresult.com/admission/,Admission,CSJMU Kanpur Admission 2016 Online Form,https://www.sarkariresult.com/page/csjmuadmission/
https://www.sarkariresult.com/admission/,Admission,Indian Maritime University IMU CET 2016 Online Form ,https://www.sarkariresult.com/page/imucet/
https://www.sarkariresult.com/admission/,Admission,DDU Gorakhpur Admission Online Form 2016,https://www.sarkariresult.com/page/ddugkpentrance/
https://www.sarkariresult.com/admission/,Admission,"Allahabad University UGAT, PGAT & Other Course Admission Online Form 2016",https://www.sarkariresult.com/page/uoaentrance/
https://www.sarkariresult.com/admission/,Admission,"MP BABEd, BSC BED Online Form 2016",https://www.sarkariresult.com/page/mppebbabed/
https://www.sarkariresult.com/admission/,Admission, MP Pre Agriculture Test PAT 2016 Online Form,https://www.sarkariresult.com/page/mppebpat/
https://www.sarkariresult.com/admission/,Admission, All India PMT Entrance 2016 Admit Card, https://www.sarkariresult.com/page/aipmtapril/
https://www.sarkariresult.com/admission/,Admission,MGKVP Admission Entrance Exam Online Form 2016,https://www.sarkariresult.com/page/mgkvpentrance/
https://www.sarkariresult.com/admission/,Admission," BHU IMS MBBS / BDS, B.Sc Nusring, B.Pharma Online Form 2016",https://www.sarkariresult.com/page/bhuims/
https://www.sarkariresult.com/admission/,Admission,BTEUP Examination Online Form 2016,https://www.sarkariresult.com/page/bteup/
https://www.sarkariresult.com/admission/,Admission,BHU School Entrance Test SET Online Form 2016,https://www.sarkariresult.com/page/bhuset/
https://www.sarkariresult.com/admission/,Admission, UPCPMT 2016 Online Form,https://www.sarkariresult.com/page/upcpmt/
https://www.sarkariresult.com/admission/,Admission,HSSC Haryana PGT Admit Card 2016,https://www.sarkariresult.com/page/hsscadmitcard/
https://www.sarkariresult.com/admission/,Admission,JIPMER MBBS 2016 Online Form,https://www.sarkariresult.com/page/jipmermbbs/
https://www.sarkariresult.com/admission/,Admission,UPCATET 2016 Online Form,https://www.sarkariresult.com/page/upcatet/
https://www.sarkariresult.com/admission/,Admission,UPSEE 2016 Online Form,https://www.sarkariresult.com/page/upsee2016/
https://www.sarkariresult.com/admission/,Admission,COMED K  MBBS / BDS / B.E Admission Online Form 2016 ,https://www.sarkariresult.com/page/comedk2016/
https://www.sarkariresult.com/admission/,Admission, AIIMS MBBS Online Form 2016,https://www.sarkariresult.com/page/aiimsmbbs/
https://www.sarkariresult.com/admission/,Admission,"MP BEd, MEd, BPed, MPed Online Form 2016",https://www.sarkariresult.com/page/mppebadmission/
https://www.sarkariresult.com/admission/,Admission,NEST Admission 2016 Online Form ,https://www.sarkariresult.com/page/nest2016/
https://www.sarkariresult.com/admission/,Admission, UPBED 2016 Online Form,https://www.sarkariresult.com/page/upbed2016/
